 CREATE TABLE PRACOWNICY 
   (
      ID 		 		NUMBER 
	, IMIE 	 		    VARCHAR2(30) NOT NULL
	, NAZWISKO 		    VARCHAR2(60) NOT NULL
	, PESEL 	 		VARCHAR2(11) NOT NULL 
	, PLEC 			    VARCHAR2(1)  NOT NULL 
	, DATA_URODZENIA    DATE
	, PENSJA 			NUMBER 
	, KOD_DEPARTAMENTU  NUMBER
    , CHECK (plec in ('M', 'K')) 
    , CONSTRAINT PRACOWNICY_PK PRIMARY KEY (ID)
	);

  CREATE TABLE DEPARTAMENTY 
   (
     KOD_DEPARTAMENTU 	NUMBER
   , NAZWA_DEPARTAMENTU VARCHAR2(40) 
   , ID_KIEROWNIKA 		NUMBER 			NOT NULL 
   , MIEJSCOWOSC 		VARCHAR2(50)
   , CONSTRAINT PK_DEPARTAMENTY PRIMARY KEY (KOD_DEPARTAMENTU)
   , CONSTRAINT FK_DEP_PRACOWNIK FOREIGN KEY (ID_KIEROWNIKA)
	 REFERENCES PRACOWNICY (ID)
   );
   
   
	 CREATE TABLE TYPY_PRODUKTOW 
	(
	  TYP_PRODUKTU   VARCHAR2(20)
	, NAZWA_PELNA    VARCHAR2(40) NOT NULL
	, RABAT 		 NUMBER 
	, OKRES_WAZNOSCI VARCHAR2(1)
	, CHECK (okres_waznosci in ('K', 'D'))
	, PRIMARY KEY (TYP_PRODUKTU)
	);
	
 
  CREATE TABLE PRODUKTY 
   (
      ID 				NUMBER
	, NAZWA_PRODUKTU    VARCHAR2(100)
	, TYP_PRODUKTU 		VARCHAR2(30) 
	, CENA_SPRZEDAZY 	NUMBER 
	, CENA_ZAKUPU 		NUMBER
	, STAWKA_PODATKU 	NUMBER
	, JM 				VARCHAR2(10) 
	, CONSTRAINT PK_PRODUKTY PRIMARY KEY (ID)
	, CONSTRAINT FK_TYP_PRODUKTU FOREIGN KEY (TYP_PRODUKTU)
	  REFERENCES TYPY_PRODUKTOW (TYP_PRODUKTU) ENABLE
   )
   ;

  CREATE TABLE RODZAJE_SRODKOW_TRANSPORTU 
   (  KOD 			VARCHAR2(10) 
	, PELNA_NAZWA 	VARCHAR2(80) NOT NULL ENABLE
	, MIN_DLUGOSC 	NUMBER
	, MAX_DLUGOSC 	NUMBER
	, MIN_WAGA 		NUMBER
	, MAX_WAGA 		NUMBER
	, LADOWNOSC 	NUMBER
	, PRIMARY KEY (KOD)
  );

  CREATE TABLE DOSTAWCY 
   (
      ID_DOSTAWCY 					    NUMBER
	, NAZWA_DOSTAWCY 					VARCHAR2(50) NOT NULL 
	, KOD_RODZAJU_SRODKA_TRANSPORTU 	VARCHAR2(10)
	, STATUS_AKTYWNOSCI 				VARCHAR2(1)
	, PRIMARY KEY (ID_DOSTAWCY)
	, FOREIGN KEY (KOD_RODZAJU_SRODKA_TRANSPORTU)
	  REFERENCES RODZAJE_SRODKOW_TRANSPORTU (KOD)
   );


  CREATE TABLE PRZYCZYNY_ABSENCJI 
   (
      ID 		NUMBER 
	, NAZWA 	VARCHAR2(200) 	NOT NULL
	, CZY_ZGODA VARCHAR2(1) 	DEFAULT 'N'
	, UWAGI 	VARCHAR2(1000)
	, PRIMARY KEY (ID)
  );

  CREATE TABLE ABSENCJE 
   (
      ID 			  NUMBER
	, ID_PRACOWNIKA   NUMBER
	, PA_KOD 		  NUMBER
	, DATA_OD 	  	  DATE
	, DATA_DO         DATE
	, PRIMARY KEY (ID)
	, FOREIGN KEY (ID_PRACOWNIKA) REFERENCES PRACOWNICY (ID)
    , FOREIGN KEY (PA_KOD) REFERENCES PRZYCZYNY_ABSENCJI (ID)
   );

  CREATE TABLE KLIENCI 
   (  ID 		     NUMBER
	, IMIE 	         VARCHAR2(30) NOT NULL
	, NAZWISKO  	 VARCHAR2(60) NOT NULL
	, PESEL 		 VARCHAR2(11) 
	, KOD_POCZTOWY   VARCHAR2(10)
	, MIEJSCOWOSC    VARCHAR2(40)
	, PRIMARY KEY (ID)
  );

  CREATE TABLE FAKTURY_SPRZEDAZY 
   (
      ID_FAKTURY 		NUMBER
	, DATA_FAKTURY    	DATE 
	, ID_KLIENTA 		NUMBER 
	, WARTOSC_NETTO 	NUMBER 
	, WARTOSC_BRUTTO 	NUMBER 
	, STAWKA_PODATKU 	NUMBER 
	, WALUTA 			VARCHAR2(4) 
	, PRIMARY KEY (ID_FAKTURY)
	, FOREIGN KEY (ID_KLIENTA)REFERENCES KLIENCI (ID)
   );

  CREATE TABLE ZAKUPY 
   (
      ID_ZAKUPU 	NUMBER
	, ID_KLIENTA 	NUMBER 
	, CZY_PARAGON VARCHAR2(1) 
	, CZY_FAKTURA VARCHAR2(1)
	, ID_FAKTURY 	NUMBER
	, DATA_ZAKUPU DATE
	, PRIMARY KEY (ID_ZAKUPU)
	, FOREIGN KEY (ID_KLIENTA)REFERENCES KLIENCI (ID)
	, FOREIGN KEY (ID_FAKTURY) REFERENCES FAKTURY_SPRZEDAZY (ID_FAKTURY)
   ) ;

  CREATE TABLE ZAKUPY_POZYCJE 
   (
      ID_ZAKUPU 		NUMBER
	, NUMER_POZYCJI 	NUMBER 
	, ID_PRODUKTU 		NUMBER 
	, ILOSC 			NUMBER 
	, CZY_REKLAMACJA  	VARCHAR2(1) 
	, PRIMARY KEY (ID_ZAKUPU, NUMER_POZYCJI)
	, FOREIGN KEY (ID_ZAKUPU) REFERENCES ZAKUPY (ID_ZAKUPU)
	, FOREIGN KEY (ID_PRODUKTU)REFERENCES PRODUKTY (ID)
   );

  CREATE TABLE JEDNOSTKI_PRODUKTOW 
   (
      ID NUMBER
	, ID_PRODUKTU NUMBER
	, JM VARCHAR2(10) 
	, JM_ALT VARCHAR2(10) 
	, PRZELICZNIK NUMBER
	, PRIMARY KEY (ID)
	, FOREIGN KEY (ID_PRODUKTU)REFERENCES PRODUKTY (ID)
   )
   ;


  
-- INSERTY


INSERT INTO PRACOWNICY (ID,IMIE,NAZWISKO,PESEL,PLEC,DATA_URODZENIA,PENSJA,KOD_DEPARTAMENTU) VALUES ('10','Bartosz','Karmel','58031245679','M',to_date('1958-03-12','YYYY-MM-DD'),'5120','7');
INSERT INTO PRACOWNICY (ID,IMIE,NAZWISKO,PESEL,PLEC,DATA_URODZENIA,PENSJA,KOD_DEPARTAMENTU) VALUES ('12','Jacek','Grzymała','80020366584','M',to_date('1980-02-03','YYYY-MM-DD'),'7000','2');
INSERT INTO PRACOWNICY (ID,IMIE,NAZWISKO,PESEL,PLEC,DATA_URODZENIA,PENSJA,KOD_DEPARTAMENTU) VALUES ('11','Sebastian','Krawczyk','88031269123','M',to_date('1988-03-12','YYYY-MM-DD'),'7000','2');
INSERT INTO PRACOWNICY (ID,IMIE,NAZWISKO,PESEL,PLEC,DATA_URODZENIA,PENSJA,KOD_DEPARTAMENTU) VALUES ('13','Paweł‚','Kiepski','81121225836','M',to_date('1981-12-12','YYYY-MM-DD'),'3500','5');
INSERT INTO PRACOWNICY (ID,IMIE,NAZWISKO,PESEL,PLEC,DATA_URODZENIA,PENSJA,KOD_DEPARTAMENTU) VALUES ('14','Julia','Ćwiąkała','92101548732','K',to_date('1992-10-15','YYYY-MM-DD'),'2300','5');
INSERT INTO PRACOWNICY (ID,IMIE,NAZWISKO,PESEL,PLEC,DATA_URODZENIA,PENSJA,KOD_DEPARTAMENTU) VALUES ('15','Katarzyna','Zebra','98110843128','K',to_date('1998-11-08','YYYY-MM-DD'),'7000','3');
INSERT INTO PRACOWNICY (ID,IMIE,NAZWISKO,PESEL,PLEC,DATA_URODZENIA,PENSJA,KOD_DEPARTAMENTU) VALUES ('16','Przemysław','Grzymała','80020314725','M',to_date('1980-02-03','YYYY-MM-DD'),'9000','12');
INSERT INTO PRACOWNICY (ID,IMIE,NAZWISKO,PESEL,PLEC,DATA_URODZENIA,PENSJA,KOD_DEPARTAMENTU) VALUES ('17','Zofia','Pryk','91041516589','K',to_date('1991-04-15','YYYY-MM-DD'),'4600','1');
INSERT INTO PRACOWNICY (ID,IMIE,NAZWISKO,PESEL,PLEC,DATA_URODZENIA,PENSJA,KOD_DEPARTAMENTU) VALUES ('18','Paulina','Polak','65020761975','K',to_date('1965-02-07','YYYY-MM-DD'),'3540','11');
INSERT INTO PRACOWNICY (ID,IMIE,NAZWISKO,PESEL,PLEC,DATA_URODZENIA,PENSJA,KOD_DEPARTAMENTU) VALUES ('19','Robert','Polewicz','58090414763','M',to_date('1958-09-04','YYYY-MM-DD'),'6500','9');
INSERT INTO PRACOWNICY (ID,IMIE,NAZWISKO,PESEL,PLEC,DATA_URODZENIA,PENSJA,KOD_DEPARTAMENTU) VALUES ('1','Jan','Kowalski','88020512345','M',to_date('1988-02-05','YYYY-MM-DD'),'4000','12');
INSERT INTO PRACOWNICY (ID,IMIE,NAZWISKO,PESEL,PLEC,DATA_URODZENIA,PENSJA,KOD_DEPARTAMENTU) VALUES ('2','Krzysztof','Kapusta','70122012345','M',to_date('1970-12-20','YYYY-MM-DD'),'2500','1');
INSERT INTO PRACOWNICY (ID,IMIE,NAZWISKO,PESEL,PLEC,DATA_URODZENIA,PENSJA,KOD_DEPARTAMENTU) VALUES ('3','Magdalena','Dzwonkowska','92081612345','K',to_date('1992-08-16','YYYY-MM-DD'),'5000','4');
INSERT INTO PRACOWNICY (ID,IMIE,NAZWISKO,PESEL,PLEC,DATA_URODZENIA,PENSJA,KOD_DEPARTAMENTU) VALUES ('4','Karol','Krawczyk','82010112345','M',to_date('1982-01-01','YYYY-MM-DD'),'3000','3');
INSERT INTO PRACOWNICY (ID,IMIE,NAZWISKO,PESEL,PLEC,DATA_URODZENIA,PENSJA,KOD_DEPARTAMENTU) VALUES ('5','Joanna','Bak','90121212345','K',to_date('1990-12-12','YYYY-MM-DD'),'2700','6');
INSERT INTO PRACOWNICY (ID,IMIE,NAZWISKO,PESEL,PLEC,DATA_URODZENIA,PENSJA,KOD_DEPARTAMENTU) VALUES ('6','Robert','Psikuta','95070815642','M',to_date('1995-07-08','YYYY-MM-DD'),'4200','11');
INSERT INTO PRACOWNICY (ID,IMIE,NAZWISKO,PESEL,PLEC,DATA_URODZENIA,PENSJA,KOD_DEPARTAMENTU) VALUES ('7','Stefan','Siarzewski','60051274391','M',to_date('1960-05-12','YYYY-MM-DD'),'4550','10');
INSERT INTO PRACOWNICY (ID,IMIE,NAZWISKO,PESEL,PLEC,DATA_URODZENIA,PENSJA,KOD_DEPARTAMENTU) VALUES ('8','Zofia','Brzydal','84021659712','K',to_date('1984-02-16','YYYY-MM-DD'),'2400','9');
INSERT INTO PRACOWNICY (ID,IMIE,NAZWISKO,PESEL,PLEC,DATA_URODZENIA,PENSJA,KOD_DEPARTAMENTU) VALUES ('9','Julia','Niedziela','81050242315','K',to_date('1981-05-02','YYYY-MM-DD'),'7000','8');
INSERT INTO PRACOWNICY (ID,IMIE,NAZWISKO,PESEL,PLEC,DATA_URODZENIA,PENSJA,KOD_DEPARTAMENTU) VALUES ('20','Józef','Wołecki','00071313842','M',to_date('2000-07-13','YYYY-MM-DD'),'2900','9');
INSERT INTO PRACOWNICY (ID,IMIE,NAZWISKO,PESEL,PLEC,DATA_URODZENIA,PENSJA,KOD_DEPARTAMENTU) VALUES ('21','Darek','Butkiewicz','12345678925','M',to_date('1992-01-01','YYYY-MM-DD'),'4000','10');

INSERT INTO DEPARTAMENTY (KOD_DEPARTAMENTU,NAZWA_DEPARTAMENTU,ID_KIEROWNIKA,MIEJSCOWOSC) VALUES ('1','księgowość','2','Warszawa Śródmieście');
INSERT INTO DEPARTAMENTY (KOD_DEPARTAMENTU,NAZWA_DEPARTAMENTU,ID_KIEROWNIKA,MIEJSCOWOSC) VALUES ('2','produkcja','11','Piaseczno');
INSERT INTO DEPARTAMENTY (KOD_DEPARTAMENTU,NAZWA_DEPARTAMENTU,ID_KIEROWNIKA,MIEJSCOWOSC) VALUES ('3','administracja','4','Warszawa Centrum');
INSERT INTO DEPARTAMENTY (KOD_DEPARTAMENTU,NAZWA_DEPARTAMENTU,ID_KIEROWNIKA,MIEJSCOWOSC) VALUES ('4','IT','3','Warszawa Centrum');
INSERT INTO DEPARTAMENTY (KOD_DEPARTAMENTU,NAZWA_DEPARTAMENTU,ID_KIEROWNIKA,MIEJSCOWOSC) VALUES ('5','Sprzedaż','5','Warszawa Śródmieście');
INSERT INTO DEPARTAMENTY (KOD_DEPARTAMENTU,NAZWA_DEPARTAMENTU,ID_KIEROWNIKA,MIEJSCOWOSC) VALUES ('6','planowanie i zakupy','5','Warszawa Ochota');
INSERT INTO DEPARTAMENTY (KOD_DEPARTAMENTU,NAZWA_DEPARTAMENTU,ID_KIEROWNIKA,MIEJSCOWOSC) VALUES ('7','hr','1','Kraków');
INSERT INTO DEPARTAMENTY (KOD_DEPARTAMENTU,NAZWA_DEPARTAMENTU,ID_KIEROWNIKA,MIEJSCOWOSC) VALUES ('8','badanie i rozwój','12','Łodź');
INSERT INTO DEPARTAMENTY (KOD_DEPARTAMENTU,NAZWA_DEPARTAMENTU,ID_KIEROWNIKA,MIEJSCOWOSC) VALUES ('9','dział prawny','18','Szczecin');
INSERT INTO DEPARTAMENTY (KOD_DEPARTAMENTU,NAZWA_DEPARTAMENTU,ID_KIEROWNIKA,MIEJSCOWOSC) VALUES ('10','public relations','20','Gdańsk Oliwa');
INSERT INTO DEPARTAMENTY (KOD_DEPARTAMENTU,NAZWA_DEPARTAMENTU,ID_KIEROWNIKA,MIEJSCOWOSC) VALUES ('11','transport','19','Poznań');
INSERT INTO DEPARTAMENTY (KOD_DEPARTAMENTU,NAZWA_DEPARTAMENTU,ID_KIEROWNIKA,MIEJSCOWOSC) VALUES ('12','logistyka','6','Zakopane');



INSERT INTO PRZYCZYNY_ABSENCJI (ID,NAZWA,CZY_ZGODA,UWAGI) VALUES ('1','urlop macierzyński','N',null);
INSERT INTO PRZYCZYNY_ABSENCJI (ID,NAZWA,CZY_ZGODA,UWAGI) VALUES ('2','urlop ojcowski','N',null);
INSERT INTO PRZYCZYNY_ABSENCJI (ID,NAZWA,CZY_ZGODA,UWAGI) VALUES ('3','urlop rodzicielski','N',null);
INSERT INTO PRZYCZYNY_ABSENCJI (ID,NAZWA,CZY_ZGODA,UWAGI) VALUES ('4','urlop wypoczynkowy','T',null);
INSERT INTO PRZYCZYNY_ABSENCJI (ID,NAZWA,CZY_ZGODA,UWAGI) VALUES ('5','urlop wychowawczy','N',null);
INSERT INTO PRZYCZYNY_ABSENCJI (ID,NAZWA,CZY_ZGODA,UWAGI) VALUES ('6','urlop szkoleniowy','T',null);
INSERT INTO PRZYCZYNY_ABSENCJI (ID,NAZWA,CZY_ZGODA,UWAGI) VALUES ('7','urlop okolicznościowy','T',null);
INSERT INTO PRZYCZYNY_ABSENCJI (ID,NAZWA,CZY_ZGODA,UWAGI) VALUES ('8','urlop bezpłatny','T',null);
INSERT INTO PRZYCZYNY_ABSENCJI (ID,NAZWA,CZY_ZGODA,UWAGI) VALUES ('9','na żądanie','N',null);

INSERT INTO ABSENCJE (ID,ID_PRACOWNIKA,PA_KOD,DATA_OD,DATA_DO) VALUES ('1','11','2',TO_DATE('2018-09-04','YYYY-MM-DD'),TO_DATE('2019-03-04','YYYY-MM-DD'));
INSERT INTO ABSENCJE (ID,ID_PRACOWNIKA,PA_KOD,DATA_OD,DATA_DO) VALUES ('2','5' ,'1',TO_DATE('2017-08-12','YYYY-MM-DD'),TO_DATE('2018-05-04','YYYY-MM-DD'));
INSERT INTO ABSENCJE (ID,ID_PRACOWNIKA,PA_KOD,DATA_OD,DATA_DO) VALUES ('3','15','4',TO_DATE('2018-01-15','YYYY-MM-DD'),TO_DATE('2018-01-27','YYYY-MM-DD'));
INSERT INTO ABSENCJE (ID,ID_PRACOWNIKA,PA_KOD,DATA_OD,DATA_DO) VALUES ('4','18','4',TO_DATE('2018-02-27','YYYY-MM-DD'),TO_DATE('2018-03-05','YYYY-MM-DD'));
INSERT INTO ABSENCJE (ID,ID_PRACOWNIKA,PA_KOD,DATA_OD,DATA_DO) VALUES ('5','15','9',TO_DATE('2018-10-05','YYYY-MM-DD'),TO_DATE('2018-10-05','YYYY-MM-DD'));

INSERT INTO RODZAJE_SRODKOW_TRANSPORTU (KOD,PELNA_NAZWA,MIN_DLUGOSC,MAX_DLUGOSC,MIN_WAGA,MAX_WAGA,LADOWNOSC) VALUES ('VAN','van','3,5','4','1800','2400','1000');
INSERT INTO RODZAJE_SRODKOW_TRANSPORTU (KOD,PELNA_NAZWA,MIN_DLUGOSC,MAX_DLUGOSC,MIN_WAGA,MAX_WAGA,LADOWNOSC) VALUES ('BUS','bus','3,8','4,2','1950','2800','1200');
INSERT INTO RODZAJE_SRODKOW_TRANSPORTU (KOD,PELNA_NAZWA,MIN_DLUGOSC,MAX_DLUGOSC,MIN_WAGA,MAX_WAGA,LADOWNOSC) VALUES ('AUT','auto osobowe','2','3,2','800','1400','600');
INSERT INTO RODZAJE_SRODKOW_TRANSPORTU (KOD,PELNA_NAZWA,MIN_DLUGOSC,MAX_DLUGOSC,MIN_WAGA,MAX_WAGA,LADOWNOSC) VALUES ('TIR','tir','12','20','5000','10000','30000');
INSERT INTO RODZAJE_SRODKOW_TRANSPORTU (KOD,PELNA_NAZWA,MIN_DLUGOSC,MAX_DLUGOSC,MIN_WAGA,MAX_WAGA,LADOWNOSC) VALUES ('SKUT','skuter','1,65','2,24','300','500','200');

INSERT INTO DOSTAWCY (ID_DOSTAWCY,NAZWA_DOSTAWCY,KOD_RODZAJU_SRODKA_TRANSPORTU,STATUS_AKTYWNOSCI) VALUES ('1','Morliny','VAN','A');
INSERT INTO DOSTAWCY (ID_DOSTAWCY,NAZWA_DOSTAWCY,KOD_RODZAJU_SRODKA_TRANSPORTU,STATUS_AKTYWNOSCI) VALUES ('2','Koral','BUS','A');
INSERT INTO DOSTAWCY (ID_DOSTAWCY,NAZWA_DOSTAWCY,KOD_RODZAJU_SRODKA_TRANSPORTU,STATUS_AKTYWNOSCI) VALUES ('3','Pepco','TIR','A');
INSERT INTO DOSTAWCY (ID_DOSTAWCY,NAZWA_DOSTAWCY,KOD_RODZAJU_SRODKA_TRANSPORTU,STATUS_AKTYWNOSCI) VALUES ('4','Lidl','TIR','A');
INSERT INTO DOSTAWCY (ID_DOSTAWCY,NAZWA_DOSTAWCY,KOD_RODZAJU_SRODKA_TRANSPORTU,STATUS_AKTYWNOSCI) VALUES ('5','Obi','VAN','A');
INSERT INTO DOSTAWCY (ID_DOSTAWCY,NAZWA_DOSTAWCY,KOD_RODZAJU_SRODKA_TRANSPORTU,STATUS_AKTYWNOSCI) VALUES ('6','Decathlon','TIR','A');
INSERT INTO DOSTAWCY (ID_DOSTAWCY,NAZWA_DOSTAWCY,KOD_RODZAJU_SRODKA_TRANSPORTU,STATUS_AKTYWNOSCI) VALUES ('7','Biedronka','TIR','A');
INSERT INTO DOSTAWCY (ID_DOSTAWCY,NAZWA_DOSTAWCY,KOD_RODZAJU_SRODKA_TRANSPORTU,STATUS_AKTYWNOSCI) VALUES ('8','Auchan','BUS','A');
INSERT INTO DOSTAWCY (ID_DOSTAWCY,NAZWA_DOSTAWCY,KOD_RODZAJU_SRODKA_TRANSPORTU,STATUS_AKTYWNOSCI) VALUES ('9','Lewiatan','TIR','A');
INSERT INTO DOSTAWCY (ID_DOSTAWCY,NAZWA_DOSTAWCY,KOD_RODZAJU_SRODKA_TRANSPORTU,STATUS_AKTYWNOSCI) VALUES ('10','Intermarche','VAN','A');
INSERT INTO DOSTAWCY (ID_DOSTAWCY,NAZWA_DOSTAWCY,KOD_RODZAJU_SRODKA_TRANSPORTU,STATUS_AKTYWNOSCI) VALUES ('11','Bricomarche','TIR','A');
INSERT INTO DOSTAWCY (ID_DOSTAWCY,NAZWA_DOSTAWCY,KOD_RODZAJU_SRODKA_TRANSPORTU,STATUS_AKTYWNOSCI) VALUES ('12','Tesco','TIR','A');
INSERT INTO DOSTAWCY (ID_DOSTAWCY,NAZWA_DOSTAWCY,KOD_RODZAJU_SRODKA_TRANSPORTU,STATUS_AKTYWNOSCI) VALUES ('13','E.Leclerc','TIR','A');
INSERT INTO DOSTAWCY (ID_DOSTAWCY,NAZWA_DOSTAWCY,KOD_RODZAJU_SRODKA_TRANSPORTU,STATUS_AKTYWNOSCI) VALUES ('14','Amica','BUS','A');
INSERT INTO DOSTAWCY (ID_DOSTAWCY,NAZWA_DOSTAWCY,KOD_RODZAJU_SRODKA_TRANSPORTU,STATUS_AKTYWNOSCI) VALUES ('15','Avon','AUT','A');
INSERT INTO DOSTAWCY (ID_DOSTAWCY,NAZWA_DOSTAWCY,KOD_RODZAJU_SRODKA_TRANSPORTU,STATUS_AKTYWNOSCI) VALUES ('16','Puma','TIR','A');
INSERT INTO DOSTAWCY (ID_DOSTAWCY,NAZWA_DOSTAWCY,KOD_RODZAJU_SRODKA_TRANSPORTU,STATUS_AKTYWNOSCI) VALUES ('17','Lego','VAN','A');
INSERT INTO DOSTAWCY (ID_DOSTAWCY,NAZWA_DOSTAWCY,KOD_RODZAJU_SRODKA_TRANSPORTU,STATUS_AKTYWNOSCI) VALUES ('18','Militaria','TIR','A');
INSERT INTO DOSTAWCY (ID_DOSTAWCY,NAZWA_DOSTAWCY,KOD_RODZAJU_SRODKA_TRANSPORTU,STATUS_AKTYWNOSCI) VALUES ('19','Delikatesy','AUT','A');
INSERT INTO DOSTAWCY (ID_DOSTAWCY,NAZWA_DOSTAWCY,KOD_RODZAJU_SRODKA_TRANSPORTU,STATUS_AKTYWNOSCI) VALUES ('20','Jogobella','VAN','A');

INSERT INTO KLIENCI (ID,IMIE,NAZWISKO,PESEL,KOD_POCZTOWY,MIEJSCOWOSC) VALUES ('1','Bronisław','Foka','72120573948','09-400','Płock');
INSERT INTO KLIENCI (ID,IMIE,NAZWISKO,PESEL,KOD_POCZTOWY,MIEJSCOWOSC) VALUES ('2','Joanna','Frączak','80041146587','09-400','Płock');
INSERT INTO KLIENCI (ID,IMIE,NAZWISKO,PESEL,KOD_POCZTOWY,MIEJSCOWOSC) VALUES ('3','Kazimiera','Wecław','65091047612','22-100','Gdańsk');
INSERT INTO KLIENCI (ID,IMIE,NAZWISKO,PESEL,KOD_POCZTOWY,MIEJSCOWOSC) VALUES ('4','Bartosz','Przybylski','01101442863','02-241','Warszawa');
INSERT INTO KLIENCI (ID,IMIE,NAZWISKO,PESEL,KOD_POCZTOWY,MIEJSCOWOSC) VALUES ('5','Katarzyna','Fackiewicz','85031856317','30-006','Kraków');
INSERT INTO KLIENCI (ID,IMIE,NAZWISKO,PESEL,KOD_POCZTOWY,MIEJSCOWOSC) VALUES ('6','Krzysztof','Jarzyna','75110621863','70-003','Szczecin');

INSERT INTO FAKTURY_SPRZEDAZY (ID_FAKTURY,DATA_FAKTURY,ID_KLIENTA,WARTOSC_NETTO,WARTOSC_BRUTTO,STAWKA_PODATKU,WALUTA) VALUES ('1',to_date('2018-11-25','YYYY-MM-DD'),'5','25','30,75','23','PLN');


INSERT INTO TYPY_PRODUKTOW (TYP_PRODUKTU,NAZWA_PELNA,RABAT,OKRES_WAZNOSCI) VALUES ('SLO','słodycze',null,'D');
INSERT INTO TYPY_PRODUKTOW (TYP_PRODUKTU,NAZWA_PELNA,RABAT,OKRES_WAZNOSCI) VALUES ('PIE','pieczywo',null,'K');
INSERT INTO TYPY_PRODUKTOW (TYP_PRODUKTU,NAZWA_PELNA,RABAT,OKRES_WAZNOSCI) VALUES ('NAS','nasiona',null,'D');
INSERT INTO TYPY_PRODUKTOW (TYP_PRODUKTU,NAZWA_PELNA,RABAT,OKRES_WAZNOSCI) VALUES ('NAB','nabiał',null,'K');
INSERT INTO TYPY_PRODUKTOW (TYP_PRODUKTU,NAZWA_PELNA,RABAT,OKRES_WAZNOSCI) VALUES ('NAP','napoje',null,'D');
INSERT INTO TYPY_PRODUKTOW (TYP_PRODUKTU,NAZWA_PELNA,RABAT,OKRES_WAZNOSCI) VALUES ('KOS','kosmetyki',null,'D');
INSERT INTO TYPY_PRODUKTOW (TYP_PRODUKTU,NAZWA_PELNA,RABAT,OKRES_WAZNOSCI) VALUES ('ALK','alkohol',null,'D');
INSERT INTO TYPY_PRODUKTOW (TYP_PRODUKTU,NAZWA_PELNA,RABAT,OKRES_WAZNOSCI) VALUES ('WAR','warzywa',null,'K');
INSERT INTO TYPY_PRODUKTOW (TYP_PRODUKTU,NAZWA_PELNA,RABAT,OKRES_WAZNOSCI) VALUES ('OWO','owoce',null,'K');

INSERT INTO PRODUKTY (ID,NAZWA_PRODUKTU,TYP_PRODUKTU,CENA_SPRZEDAZY,CENA_ZAKUPU,STAWKA_PODATKU,JM) VALUES ('1','Baton "Mars"','SLO','2,5','1,5','23','szt');
INSERT INTO PRODUKTY (ID,NAZWA_PRODUKTU,TYP_PRODUKTU,CENA_SPRZEDAZY,CENA_ZAKUPU,STAWKA_PODATKU,JM) VALUES ('2','chleb','PIE','3','1,2','23','szt');
INSERT INTO PRODUKTY (ID,NAZWA_PRODUKTU,TYP_PRODUKTU,CENA_SPRZEDAZY,CENA_ZAKUPU,STAWKA_PODATKU,JM) VALUES ('3','płatki owsiane 0.5kg','NAS','2,25','1,45','23','szt');
INSERT INTO PRODUKTY (ID,NAZWA_PRODUKTU,TYP_PRODUKTU,CENA_SPRZEDAZY,CENA_ZAKUPU,STAWKA_PODATKU,JM) VALUES ('4','płatki owsiane 1kg','NAS','4','2,4','23','szt');
INSERT INTO PRODUKTY (ID,NAZWA_PRODUKTU,TYP_PRODUKTU,CENA_SPRZEDAZY,CENA_ZAKUPU,STAWKA_PODATKU,JM) VALUES ('5','mleko','NAB','3,5','2','23','szt');
INSERT INTO PRODUKTY (ID,NAZWA_PRODUKTU,TYP_PRODUKTU,CENA_SPRZEDAZY,CENA_ZAKUPU,STAWKA_PODATKU,JM) VALUES ('6','jogurt "Danone"','NAB','3,5','2','23','szt');
INSERT INTO PRODUKTY (ID,NAZWA_PRODUKTU,TYP_PRODUKTU,CENA_SPRZEDAZY,CENA_ZAKUPU,STAWKA_PODATKU,JM) VALUES ('7','woda gazowana','NAP','1,9','1','23','szt');
INSERT INTO PRODUKTY (ID,NAZWA_PRODUKTU,TYP_PRODUKTU,CENA_SPRZEDAZY,CENA_ZAKUPU,STAWKA_PODATKU,JM) VALUES ('8','woda niegazowana','NAP','1,9','1','23','szt');
INSERT INTO PRODUKTY (ID,NAZWA_PRODUKTU,TYP_PRODUKTU,CENA_SPRZEDAZY,CENA_ZAKUPU,STAWKA_PODATKU,JM) VALUES ('9','oranżada','NAP','2,49','2','23','szt');
INSERT INTO PRODUKTY (ID,NAZWA_PRODUKTU,TYP_PRODUKTU,CENA_SPRZEDAZY,CENA_ZAKUPU,STAWKA_PODATKU,JM) VALUES ('10','bułka pszenna','PIE','0,5','0,3','23','szt');
INSERT INTO PRODUKTY (ID,NAZWA_PRODUKTU,TYP_PRODUKTU,CENA_SPRZEDAZY,CENA_ZAKUPU,STAWKA_PODATKU,JM) VALUES ('11','bułka żytnia','PIE','0,7','0,5','23','szt');
INSERT INTO PRODUKTY (ID,NAZWA_PRODUKTU,TYP_PRODUKTU,CENA_SPRZEDAZY,CENA_ZAKUPU,STAWKA_PODATKU,JM) VALUES ('12','balsam do ciała','KOS','20','14','23','szt');
INSERT INTO PRODUKTY (ID,NAZWA_PRODUKTU,TYP_PRODUKTU,CENA_SPRZEDAZY,CENA_ZAKUPU,STAWKA_PODATKU,JM) VALUES ('13','krem do rąk','KOS','8','6,4','23','szt');
INSERT INTO PRODUKTY (ID,NAZWA_PRODUKTU,TYP_PRODUKTU,CENA_SPRZEDAZY,CENA_ZAKUPU,STAWKA_PODATKU,JM) VALUES ('14','dezodorant','KOS','9','4,4','23','szt');
INSERT INTO PRODUKTY (ID,NAZWA_PRODUKTU,TYP_PRODUKTU,CENA_SPRZEDAZY,CENA_ZAKUPU,STAWKA_PODATKU,JM) VALUES ('15','piwo','ALK','4','2,8','30','szt');
INSERT INTO PRODUKTY (ID,NAZWA_PRODUKTU,TYP_PRODUKTU,CENA_SPRZEDAZY,CENA_ZAKUPU,STAWKA_PODATKU,JM) VALUES ('16','wódka polska','ALK','25','14','30','szt');
INSERT INTO PRODUKTY (ID,NAZWA_PRODUKTU,TYP_PRODUKTU,CENA_SPRZEDAZY,CENA_ZAKUPU,STAWKA_PODATKU,JM) VALUES ('17','whiskey','ALK','60','40','30','szt');
INSERT INTO PRODUKTY (ID,NAZWA_PRODUKTU,TYP_PRODUKTU,CENA_SPRZEDAZY,CENA_ZAKUPU,STAWKA_PODATKU,JM) VALUES ('18','czekolada','SLO','5','2','23','szt');
INSERT INTO PRODUKTY (ID,NAZWA_PRODUKTU,TYP_PRODUKTU,CENA_SPRZEDAZY,CENA_ZAKUPU,STAWKA_PODATKU,JM) VALUES ('19','ryż','NAS','3','1,5','23','szt');
INSERT INTO PRODUKTY (ID,NAZWA_PRODUKTU,TYP_PRODUKTU,CENA_SPRZEDAZY,CENA_ZAKUPU,STAWKA_PODATKU,JM) VALUES ('20','kasza gryczana','NAS','3','1,7','23','szt');
INSERT INTO PRODUKTY (ID,NAZWA_PRODUKTU,TYP_PRODUKTU,CENA_SPRZEDAZY,CENA_ZAKUPU,STAWKA_PODATKU,JM) VALUES ('21','jabłko','OWO','4','2,52','16','kg');
INSERT INTO PRODUKTY (ID,NAZWA_PRODUKTU,TYP_PRODUKTU,CENA_SPRZEDAZY,CENA_ZAKUPU,STAWKA_PODATKU,JM) VALUES ('22','pomarańcza','OWO','8','5,01','16','kg');
INSERT INTO PRODUKTY (ID,NAZWA_PRODUKTU,TYP_PRODUKTU,CENA_SPRZEDAZY,CENA_ZAKUPU,STAWKA_PODATKU,JM) VALUES ('23','banan','OWO','7,25','4,99','16','kg');
INSERT INTO PRODUKTY (ID,NAZWA_PRODUKTU,TYP_PRODUKTU,CENA_SPRZEDAZY,CENA_ZAKUPU,STAWKA_PODATKU,JM) VALUES ('24','pomidor malinowy','WAR','12,99','10,99','23','kg');
INSERT INTO PRODUKTY (ID,NAZWA_PRODUKTU,TYP_PRODUKTU,CENA_SPRZEDAZY,CENA_ZAKUPU,STAWKA_PODATKU,JM) VALUES ('25','ogórek','WAR','2,99','1,99','23','kg');


INSERT INTO JEDNOSTKI_PRODUKTOW (ID,ID_PRODUKTU,JM,JM_ALT,PRZELICZNIK) VALUES ('1','1','szt','kg','0,2');
INSERT INTO JEDNOSTKI_PRODUKTOW (ID,ID_PRODUKTU,JM,JM_ALT,PRZELICZNIK) VALUES ('2','2','szt','kg','0,6');
INSERT INTO JEDNOSTKI_PRODUKTOW (ID,ID_PRODUKTU,JM,JM_ALT,PRZELICZNIK) VALUES ('3','3','kg','szt','2');
INSERT INTO JEDNOSTKI_PRODUKTOW (ID,ID_PRODUKTU,JM,JM_ALT,PRZELICZNIK) VALUES ('4','4','kg','szt','1');
INSERT INTO JEDNOSTKI_PRODUKTOW (ID,ID_PRODUKTU,JM,JM_ALT,PRZELICZNIK) VALUES ('5','5','szt','l','1,5');
INSERT INTO JEDNOSTKI_PRODUKTOW (ID,ID_PRODUKTU,JM,JM_ALT,PRZELICZNIK) VALUES ('6','5','szt','kg','1,6');
INSERT INTO JEDNOSTKI_PRODUKTOW (ID,ID_PRODUKTU,JM,JM_ALT,PRZELICZNIK) VALUES ('7','6','szt','l','0,2');
INSERT INTO JEDNOSTKI_PRODUKTOW (ID,ID_PRODUKTU,JM,JM_ALT,PRZELICZNIK) VALUES ('8','7','szt','l','1,5');
INSERT INTO JEDNOSTKI_PRODUKTOW (ID,ID_PRODUKTU,JM,JM_ALT,PRZELICZNIK) VALUES ('9','8','szt','l','1,5');
INSERT INTO JEDNOSTKI_PRODUKTOW (ID,ID_PRODUKTU,JM,JM_ALT,PRZELICZNIK) VALUES ('10','9','szt','l','2');
INSERT INTO JEDNOSTKI_PRODUKTOW (ID,ID_PRODUKTU,JM,JM_ALT,PRZELICZNIK) VALUES ('11','10','szt','kg','0,05');
INSERT INTO JEDNOSTKI_PRODUKTOW (ID,ID_PRODUKTU,JM,JM_ALT,PRZELICZNIK) VALUES ('12','11','szt','kg','0,08');
INSERT INTO JEDNOSTKI_PRODUKTOW (ID,ID_PRODUKTU,JM,JM_ALT,PRZELICZNIK) VALUES ('13','12','szt','l','0,5');
INSERT INTO JEDNOSTKI_PRODUKTOW (ID,ID_PRODUKTU,JM,JM_ALT,PRZELICZNIK) VALUES ('14','12','szt','kg','0,6');
INSERT INTO JEDNOSTKI_PRODUKTOW (ID,ID_PRODUKTU,JM,JM_ALT,PRZELICZNIK) VALUES ('15','13','szt','kg','0,3');
INSERT INTO JEDNOSTKI_PRODUKTOW (ID,ID_PRODUKTU,JM,JM_ALT,PRZELICZNIK) VALUES ('16','13','szt','l','0,25');
INSERT INTO JEDNOSTKI_PRODUKTOW (ID,ID_PRODUKTU,JM,JM_ALT,PRZELICZNIK) VALUES ('17','14','szt','l','0,07');
INSERT INTO JEDNOSTKI_PRODUKTOW (ID,ID_PRODUKTU,JM,JM_ALT,PRZELICZNIK) VALUES ('18','15','szt','l','0,5');
INSERT INTO JEDNOSTKI_PRODUKTOW (ID,ID_PRODUKTU,JM,JM_ALT,PRZELICZNIK) VALUES ('19','16','szt','l','0,5');
INSERT INTO JEDNOSTKI_PRODUKTOW (ID,ID_PRODUKTU,JM,JM_ALT,PRZELICZNIK) VALUES ('20','17','szt','l','0,7');
INSERT INTO JEDNOSTKI_PRODUKTOW (ID,ID_PRODUKTU,JM,JM_ALT,PRZELICZNIK) VALUES ('21','18','szt','kg','0,35');
INSERT INTO JEDNOSTKI_PRODUKTOW (ID,ID_PRODUKTU,JM,JM_ALT,PRZELICZNIK) VALUES ('22','19','szt','kg','1');
INSERT INTO JEDNOSTKI_PRODUKTOW (ID,ID_PRODUKTU,JM,JM_ALT,PRZELICZNIK) VALUES ('23','20','szt','kg','1');
INSERT INTO JEDNOSTKI_PRODUKTOW (ID,ID_PRODUKTU,JM,JM_ALT,PRZELICZNIK) VALUES ('24','21','kg','szt','5');
INSERT INTO JEDNOSTKI_PRODUKTOW (ID,ID_PRODUKTU,JM,JM_ALT,PRZELICZNIK) VALUES ('25','22','kg','szt','4');
INSERT INTO JEDNOSTKI_PRODUKTOW (ID,ID_PRODUKTU,JM,JM_ALT,PRZELICZNIK) VALUES ('26','23','kg','szt','6');
INSERT INTO JEDNOSTKI_PRODUKTOW (ID,ID_PRODUKTU,JM,JM_ALT,PRZELICZNIK) VALUES ('27','24','kg','szt','8');
INSERT INTO JEDNOSTKI_PRODUKTOW (ID,ID_PRODUKTU,JM,JM_ALT,PRZELICZNIK) VALUES ('28','25','kg','szt','7');


INSERT INTO ZAKUPY_POZYCJE (ID_ZAKUPU,NUMER_POZYCJI,ID_PRODUKTU,ILOSC,CZY_REKLAMACJA) VALUES ('1','1','25','0,5','N');
INSERT INTO ZAKUPY_POZYCJE (ID_ZAKUPU,NUMER_POZYCJI,ID_PRODUKTU,ILOSC,CZY_REKLAMACJA) VALUES ('1','2','20','1','N');
INSERT INTO ZAKUPY_POZYCJE (ID_ZAKUPU,NUMER_POZYCJI,ID_PRODUKTU,ILOSC,CZY_REKLAMACJA) VALUES ('1','3','5','10','N');
INSERT INTO ZAKUPY_POZYCJE (ID_ZAKUPU,NUMER_POZYCJI,ID_PRODUKTU,ILOSC,CZY_REKLAMACJA) VALUES ('1','4','8','8','N');
INSERT INTO ZAKUPY_POZYCJE (ID_ZAKUPU,NUMER_POZYCJI,ID_PRODUKTU,ILOSC,CZY_REKLAMACJA) VALUES ('1','5','7','5','N');
INSERT INTO ZAKUPY_POZYCJE (ID_ZAKUPU,NUMER_POZYCJI,ID_PRODUKTU,ILOSC,CZY_REKLAMACJA) VALUES ('2','1','9','2','N');
INSERT INTO ZAKUPY_POZYCJE (ID_ZAKUPU,NUMER_POZYCJI,ID_PRODUKTU,ILOSC,CZY_REKLAMACJA) VALUES ('3','1','1','1','N');
INSERT INTO ZAKUPY_POZYCJE (ID_ZAKUPU,NUMER_POZYCJI,ID_PRODUKTU,ILOSC,CZY_REKLAMACJA) VALUES ('3','2','17','7','N');
INSERT INTO ZAKUPY_POZYCJE (ID_ZAKUPU,NUMER_POZYCJI,ID_PRODUKTU,ILOSC,CZY_REKLAMACJA) VALUES ('3','3','22','12','N');
INSERT INTO ZAKUPY_POZYCJE (ID_ZAKUPU,NUMER_POZYCJI,ID_PRODUKTU,ILOSC,CZY_REKLAMACJA) VALUES ('3','4','7','6','N');


COMMIT;